<?xml version="1.0" encoding="UTF-8"?>
<root>
  <item name="com.transitionseverywhere.SidePropagation void setSide(int) 0">
    <annotation name="android.support.annotation.IntDef">
      <val name="value" val="{android.view.Gravity.LEFT, android.view.Gravity.TOP, android.view.Gravity.RIGHT, android.view.Gravity.BOTTOM, android.view.Gravity.START, android.view.Gravity.END}" />
    </annotation>
  </item>
  <item name="com.transitionseverywhere.Slide Slide(int) 0">
    <annotation name="android.support.annotation.IntDef">
      <val name="value" val="{android.view.Gravity.LEFT, android.view.Gravity.TOP, android.view.Gravity.RIGHT, android.view.Gravity.BOTTOM, android.view.Gravity.START, android.view.Gravity.END}" />
    </annotation>
  </item>
  <item name="com.transitionseverywhere.Slide int getSlideEdge()">
    <annotation name="android.support.annotation.IntDef">
      <val name="value" val="{android.view.Gravity.LEFT, android.view.Gravity.TOP, android.view.Gravity.RIGHT, android.view.Gravity.BOTTOM, android.view.Gravity.START, android.view.Gravity.END}" />
    </annotation>
  </item>
  <item name="com.transitionseverywhere.Slide mSlideEdge">
    <annotation name="android.support.annotation.IntDef">
      <val name="value" val="{android.view.Gravity.LEFT, android.view.Gravity.TOP, android.view.Gravity.RIGHT, android.view.Gravity.BOTTOM, android.view.Gravity.START, android.view.Gravity.END}" />
    </annotation>
  </item>
  <item name="com.transitionseverywhere.Slide void setSlideEdge(int) 0">
    <annotation name="android.support.annotation.IntDef">
      <val name="value" val="{android.view.Gravity.LEFT, android.view.Gravity.TOP, android.view.Gravity.RIGHT, android.view.Gravity.BOTTOM, android.view.Gravity.START, android.view.Gravity.END}" />
    </annotation>
  </item>
  <item name="com.transitionseverywhere.Slide.GravityFlag">
    <annotation name="android.support.annotation.IntDef">
      <val name="value" val="{android.view.Gravity.LEFT, android.view.Gravity.TOP, android.view.Gravity.RIGHT, android.view.Gravity.BOTTOM, android.view.Gravity.START, android.view.Gravity.END}" />
    </annotation>
  </item>
  <item name="com.transitionseverywhere.Visibility com.transitionseverywhere.Visibility setMode(int) 0">
    <annotation name="android.support.annotation.IntDef">
      <val name="flag" val="true" />
      <val name="value" val="{com.transitionseverywhere.Visibility.MODE_IN, com.transitionseverywhere.Visibility.MODE_OUT}" />
    </annotation>
  </item>
  <item name="com.transitionseverywhere.Visibility int getMode()">
    <annotation name="android.support.annotation.IntDef">
      <val name="flag" val="true" />
      <val name="value" val="{com.transitionseverywhere.Visibility.MODE_IN, com.transitionseverywhere.Visibility.MODE_OUT}" />
    </annotation>
  </item>
</root>

